url,rating,fio,team,position
https://en.khl.ru/players/10162/,76.76921597474785,Oskars Bartulis,Dinamo (Riga),defense
https://en.khl.ru/players/10176/,101.70813977636271,Belov Anton,Dynamo (Moscow),defense
https://en.khl.ru/players/10546/,92.93959722937181,Belousov Georgy,Avtomobilist (Ekaterinburg),defense
https://en.khl.ru/players/11032/,85.65653209447115,Maxim Semyonov,Barys (Nur-Sultan),defense
https://en.khl.ru/players/11034/,161.37018689956636,Evgeny V. Medvedev,Avangard (Omsk),defense
https://en.khl.ru/players/12800/,83.91809625178034,Ivan Lekomtsev,Severstal (Cherepovets),defense
https://en.khl.ru/players/12802/,107.05503844530472,Denis Kulyash,Severstal (Cherepovets),defense
https://en.khl.ru/players/12810/,96.89533106949104,Andrei Markov,Lokomotiv (Yaroslavl),defense
https://en.khl.ru/players/13167/,105.37520834475009,Nikita Shchitov,HC Sochi (Sochi),defense
https://en.khl.ru/players/13252/,86.83194010812544,Rafael Batyrshin,HC Sochi (Sochi),defense
https://en.khl.ru/players/13256/,87.14681610629749,Alalykin Danil,Salavat Yulaev (Ufa),defense
https://en.khl.ru/players/13285/,82.5512184147857,Vladimir Malevich,Amur (Khabarovsk),defense
https://en.khl.ru/players/13332/,76.98194498703981,Alexander Budkin,HC Sochi (Sochi),defense
https://en.khl.ru/players/13446/,84.0359797351836,Dmitry Kalinin,Traktor (Chelyabinsk),defense
https://en.khl.ru/players/13483/,77.98517591227402,Alexei A. Semenov,Salavat Yulaev (Ufa),defense
https://en.khl.ru/players/13706/,94.55450784091374,Nikolai Stasenko,Vityaz (Moscow Region),defense
https://en.khl.ru/players/13806/,82.687903363648,Denis Bodrov,Sibir (Novosibirsk Region),defense
https://en.khl.ru/players/13809/,77.76179829238578,Abramov Mikhail A.,Kunlun Red Star (Beijing),defense
https://en.khl.ru/players/13890/,91.98813709861588,Tomas Starosta,Slovan (Bratislava),defense
https://en.khl.ru/players/13909/,75.41406654113823,Yakov Seleznyov,Ugra (Khanty-Mansiysk),defense
https://en.khl.ru/players/13928/,98.77088868865312,Stepan Zakharchuk,Neftekhimik (Nizhnekamsk),defense
https://en.khl.ru/players/14253/,83.88068555746483,Evgeny Ryasensky,Neftekhimik (Nizhnekamsk),defense
https://en.khl.ru/players/14260/,95.57627036798482,Rinat Ibragimov,Ugra (Khanty-Mansiysk),defense
https://en.khl.ru/players/14267/,92.0508201227689,Alexandrov Yury,HC Sochi (Sochi),defense
https://en.khl.ru/players/14275/,86.72852772627135,Stanislav Romanov,Vityaz (Moscow Region),defense
https://en.khl.ru/players/14291/,78.15095043127103,Alexander Y. Loginov,Neftekhimik (Nizhnekamsk),defense
https://en.khl.ru/players/14300/,82.23562579784857,Evgeny Katichev,Vityaz (Moscow Region),defense
https://en.khl.ru/players/14307/,91.37239164351556,Evgeny Biryukov,Salavat Yulaev (Ufa),defense
https://en.khl.ru/players/14329/,87.67307501114757,Stanislav Yegorshev,Avtomobilist (Ekaterinburg),defense
https://en.khl.ru/players/14364/,110.03710083394982,Nikolai Belov,Traktor (Chelyabinsk),defense
https://en.khl.ru/players/14399/,94.29506008011424,Alexander Lipin,Barys (Nur-Sultan),defense
https://en.khl.ru/players/14443/,94.43534320619607,Alsing Olle,Barys (Nur-Sultan),defense
https://en.khl.ru/players/14529/,85.77776858236581,Pavel Valentenko,Ugra (Khanty-Mansiysk),defense
https://en.khl.ru/players/14556/,99.5212224234765,Akhiyarov Timur,Sibir (Novosibirsk Region),defense
https://en.khl.ru/players/14592/,89.05466489323172,Vladimir Denisov,Dinamo (Minsk),defense
https://en.khl.ru/players/14616/,86.33210863558712,Georgijs Pujacs,Dinamo (Riga),defense
https://en.khl.ru/players/14646/,74.53924694910593,Dmitry Kostromitin,Lada (Togliatti),defense
https://en.khl.ru/players/14649/,86.5054313692414,Konstantin Klimontov,Sibir (Novosibirsk Region),defense
https://en.khl.ru/players/14650/,87.02876761122968,Andrei Konev,Admiral (Vladivostok),defense
https://en.khl.ru/players/14651/,150.99024724951147,Belov Anton,Dynamo (Moscow),defense
https://en.khl.ru/players/14691/,102.35134271597227,Ivan Vishnevsky,Spartak (Moscow),defense
https://en.khl.ru/players/14732/,130.24976276098184,Bardakov Zakhar,SKA (Saint Petersburg),defense
https://en.khl.ru/players/14737/,116.21548230932962,Akolzin Pavel,Metallurg (Magnitogorsk),defense
https://en.khl.ru/players/14782/,88.79161045596089,Krisjanis Redlihs,Dinamo (Riga),defense
https://en.khl.ru/players/14856/,98.86543193688259,Maxim Chudinov,Avangard (Omsk),defense
https://en.khl.ru/players/14864/,100.29403610462919,Alalykin Danil,Salavat Yulaev (Ufa),defense
https://en.khl.ru/players/14867/,93.10654409897882,Mikhail Grigoryev,Dynamo (Moscow),defense
https://en.khl.ru/players/14881/,72.94200321204298,Barabanov Vladimir,Vityaz (Moscow Region),defense
https://en.khl.ru/players/14894/,87.95591566261471,Abramov Vitaly,CSKA (Moscow),defense
https://en.khl.ru/players/14981/,88.11765074476881,Grant Alex,Traktor (Chelyabinsk),defense
https://en.khl.ru/players/14983/,88.83983960413613,Alexander Osipov,Neftekhimik (Nizhnekamsk),defense
https://en.khl.ru/players/150/,75.33634169491621,Konstantin Korneyev,Severstal (Cherepovets),defense
https://en.khl.ru/players/15278/,115.50867421381601,Guntis Galvins,Dinamo (Riga),defense
https://en.khl.ru/players/15279/,76.79227028392405,Kristaps Sotnieks,Dinamo (Riga),defense
https://en.khl.ru/players/15282/,88.662664451771,Oskars Cibulskis,Dinamo (Riga),defense
https://en.khl.ru/players/15299/,115.91463666076655,Avtsin Alexander,Spartak (Moscow),defense
https://en.khl.ru/players/15317/,126.51690966835693,Kevin Dallman,Barys (Nur-Sultan),defense
https://en.khl.ru/players/15375/,79.52817291608146,Akolzin Pavel,Sibir (Novosibirsk Region),defense
https://en.khl.ru/players/15416/,153.04220180661022,Belov Anton,Dynamo (Moscow),defense
https://en.khl.ru/players/15525/,92.87322417887712,Yegor Zhuravlyov,Avtomobilist (Ekaterinburg),defense
https://en.khl.ru/players/15533/,79.66144157618776,Nikita Pivtsakin,Amur (Khabarovsk),defense
https://en.khl.ru/players/15564/,107.99685135134239,Agostino Kenny,Torpedo (Nizhny Novgorod Region),defense
https://en.khl.ru/players/15567/,80.42960018305368,Maxim Berezin,Neftekhimik (Nizhnekamsk),defense
https://en.khl.ru/players/15586/,92.12154084815893,Almquist Adam,Dinamo (Minsk),defense
https://en.khl.ru/players/15609/,109.07379707772232,Alexei Volgin,Amur (Khabarovsk),defense
https://en.khl.ru/players/15612/,75.148933735139,Aleksandrs Jerofejevs,Dinamo (Riga),defense
https://en.khl.ru/players/15619/,76.91487429959977,Maxim Ignatovich,Amur (Khabarovsk),defense
https://en.khl.ru/players/15621/,83.6878136255105,Alexander Makarov,Ugra (Khanty-Mansiysk),defense
https://en.khl.ru/players/15637/,84.42225378969681,Stanislav Kalashnikov,Severstal (Cherepovets),defense
https://en.khl.ru/players/15640/,81.40636296130751,Samvel Mnatsyan,Admiral (Vladivostok),defense
https://en.khl.ru/players/15644/,79.81236786766958,Alexander Ugolnikov,Admiral (Vladivostok),defense
https://en.khl.ru/players/15646/,83.2213419260487,Agostino Kenny,Torpedo (Nizhny Novgorod Region),defense
https://en.khl.ru/players/15661/,123.39733309425475,Akolzin Pavel,Metallurg (Magnitogorsk),defense
https://en.khl.ru/players/15677/,78.17955615440039,Dmitry Lukin,Sibir (Novosibirsk Region),defense
https://en.khl.ru/players/15732/,94.85813448762212,Ilya Davydov,Metallurg (Novokuznetsk),defense
https://en.khl.ru/players/15738/,87.70713567968377,Pavel Lukin,Vityaz (Moscow Region),defense
https://en.khl.ru/players/15787/,82.23773739958655,Denis Kuzmin,Amur (Khabarovsk),defense
https://en.khl.ru/players/15836/,80.7831582103893,Georgy Berdyukov,Amur (Khabarovsk),defense
https://en.khl.ru/players/15852/,85.22972922721131,Avtsin Alexander,Spartak (Moscow),defense
https://en.khl.ru/players/15910/,142.86611705652263,Alexeyev Denis V.,Lokomotiv (Yaroslavl),defense
https://en.khl.ru/players/15947/,101.26592953819261,Alexeyev Andrei S.,Amur (Khabarovsk),defense
https://en.khl.ru/players/15979/,82.42396003348209,Barabanov Vladimir,Vityaz (Moscow Region),defense
https://en.khl.ru/players/15993/,147.17901386230858,Abramov Vitaly,CSKA (Moscow),defense
https://en.khl.ru/players/15999/,85.19490062377372,Alalykin Danil,Salavat Yulaev (Ufa),defense
https://en.khl.ru/players/16010/,128.23238425385335,Bardakov Zakhar,SKA (Saint Petersburg),defense
https://en.khl.ru/players/16043/,97.00127243582797,Adamchuk Kirill,Ak Bars (Kazan),defense
https://en.khl.ru/players/16080/,118.15339978779028,Alexeyev Andrei S.,Amur (Khabarovsk),defense
https://en.khl.ru/players/16082/,108.48625654954009,Denis Barantsev,Lokomotiv (Yaroslavl),defense
https://en.khl.ru/players/16095/,121.87012596969024,Akolzin Pavel,Metallurg (Magnitogorsk),defense
https://en.khl.ru/players/16171/,93.31891782395888,Almquist Adam,Dinamo (Minsk),defense
https://en.khl.ru/players/16186/,79.89316530830678,Grigory Zheldakov,Traktor (Chelyabinsk),defense
https://en.khl.ru/players/16220/,95.56020569065593,Zakhar Arzamastsev,Avtomobilist (Ekaterinburg),defense
https://en.khl.ru/players/16356/,112.03278294420156,Belousov Georgy,Avtomobilist (Ekaterinburg),defense
https://en.khl.ru/players/16365/,118.74556561521986,Bailen Nick,Traktor (Chelyabinsk),defense
https://en.khl.ru/players/16400/,110.20618795021643,Alalykin Danil,Salavat Yulaev (Ufa),defense
https://en.khl.ru/players/16423/,95.19998548012393,Belousov Georgy,Avtomobilist (Ekaterinburg),defense
https://en.khl.ru/players/16441/,103.83337959560106,Kirill Dyakov,Admiral (Vladivostok),defense
https://en.khl.ru/players/16551/,70.60930017232485,Yury Kozlovsky,Admiral (Vladivostok),defense
https://en.khl.ru/players/16668/,114.10591070128342,Belov Anton,Dynamo (Moscow),defense
https://en.khl.ru/players/16675/,102.21345011571776,Abramov Vitaly,CSKA (Moscow),defense
https://en.khl.ru/players/16683/,85.5163914136682,David Rundblad,HC Sochi (Sochi),defense
https://en.khl.ru/players/16717/,78.37689192732329,Avtsin Alexander,Traktor (Chelyabinsk),defense
https://en.khl.ru/players/16804/,92.88775333443495,Michal Sersen,Slovan (Bratislava),defense
https://en.khl.ru/players/16968/,103.7710047344075,Yaroslav Dyblenko,HC Sochi (Sochi),defense
https://en.khl.ru/players/17277/,106.30350563229423,Sami Lepisto,Jokerit (Helsinki),defense
https://en.khl.ru/players/17312/,115.34255101625662,Abrosimov Ruslan,Severstal (Cherepovets),defense
https://en.khl.ru/players/17315/,91.16070124961472,Damir Musin,Vityaz (Moscow Region),defense
https://en.khl.ru/players/17330/,112.24608088195188,Alalykin Danil,Salavat Yulaev (Ufa),defense
https://en.khl.ru/players/17345/,94.38793038038045,Bailen Nick,Traktor (Chelyabinsk),defense
https://en.khl.ru/players/17360/,102.68564336862204,Janne Jalasvaara,Kunlun Red Star (Beijing),defense
https://en.khl.ru/players/17414/,92.189342111274,Agostino Kenny,Torpedo (Nizhny Novgorod Region),defense
https://en.khl.ru/players/17429/,103.89105945905754,Belyakov Fyodor,Sibir (Novosibirsk Region),defense
https://en.khl.ru/players/17457/,115.49190255282414,Abrosimov Ruslan,Severstal (Cherepovets),defense
https://en.khl.ru/players/17459/,117.45878538088226,Alexeyev Denis V.,Lokomotiv (Yaroslavl),defense
https://en.khl.ru/players/17533/,154.60560490849846,Juuso Hietanen,Dynamo (Moscow),defense
https://en.khl.ru/players/17545/,91.13131565881976,Staffan Kronwall,Lokomotiv (Yaroslavl),defense
https://en.khl.ru/players/17567/,80.26683936905636,Mark Skutar,Metallurg (Novokuznetsk),defense
https://en.khl.ru/players/17570/,99.08872075104185,Ilya Lyubushkin,Lokomotiv (Yaroslavl),defense
https://en.khl.ru/players/17573/,104.46401328930824,Almquist Adam,Dinamo (Minsk),defense
https://en.khl.ru/players/17574/,85.63543428716406,Stanislav Gareyev,Traktor (Chelyabinsk),defense
https://en.khl.ru/players/17580/,93.34803264896095,Alexeyev Andrei S.,Amur (Khabarovsk),defense
https://en.khl.ru/players/17594/,103.3704986026477,Belousov Georgy,Avtomobilist (Ekaterinburg),defense
https://en.khl.ru/players/17609/,113.71437445369929,Bereglazov Alexei,Avangard (Omsk),defense
https://en.khl.ru/players/17613/,87.58825417105325,Bailen Nick,Traktor (Chelyabinsk),defense
https://en.khl.ru/players/17624/,121.74982904257169,Belov Anton,Dynamo (Moscow),defense
https://en.khl.ru/players/17625/,86.07971008878228,Nikita Lisov,HC Sochi (Sochi),defense
https://en.khl.ru/players/17628/,102.17009834109342,Avtsin Alexander,Spartak (Moscow),defense
https://en.khl.ru/players/17633/,91.5393041389848,Dmitry Ogurtsov,Traktor (Chelyabinsk),defense
https://en.khl.ru/players/17647/,118.62289483406165,Jyrki Jokipakka,Sibir (Novosibirsk Region),defense
https://en.khl.ru/players/17704/,87.93703167240302,Alexeyev Andrei S.,Amur (Khabarovsk),defense
https://en.khl.ru/players/17760/,104.29368968965433,Bailen Nick,Traktor (Chelyabinsk),defense
https://en.khl.ru/players/17766/,86.45414755099864,Nikolai Demidov,Torpedo (Nizhny Novgorod Region),defense
https://en.khl.ru/players/17785/,161.26303864803612,Vladislav Gavrikov,SKA (Saint Petersburg),defense
https://en.khl.ru/players/17786/,117.79017222934414,Nikita Cherepanov,Lokomotiv (Yaroslavl),defense
https://en.khl.ru/players/17803/,98.02169087309804,Oleg Pogorishny,HC Sochi (Sochi),defense
https://en.khl.ru/players/17881/,84.06817833163463,Abrosimov Ruslan,Severstal (Cherepovets),defense
https://en.khl.ru/players/17904/,87.59372730992506,Yury Sergiyenko,Amur (Khabarovsk),defense
https://en.khl.ru/players/17954/,133.5912121011903,Alexeyev Denis V.,Lokomotiv (Yaroslavl),defense
https://en.khl.ru/players/17963/,93.07013752532434,Alexeyev Andrei S.,Amur (Khabarovsk),defense
https://en.khl.ru/players/17968/,88.89963823533556,Roman Abrosimov,Neftekhimik (Nizhnekamsk),defense
https://en.khl.ru/players/17983/,100.14786008503602,Barabanov Vladimir,Vityaz (Moscow Region),defense
https://en.khl.ru/players/18/,124.69432271857195,Andrei Kuteikin,Spartak (Moscow),defense
https://en.khl.ru/players/18686/,119.65678943539956,Ziyat Paigin,Torpedo (Nizhny Novgorod Region),defense
https://en.khl.ru/players/18732/,117.96029905258956,Tuukka Mantyla,Kunlun Red Star (Beijing),defense
https://en.khl.ru/players/18742/,123.15869293558154,Jakub Nakladal,Lokomotiv (Yaroslavl),defense
https://en.khl.ru/players/18744/,104.01411786691847,Adamchuk Kirill,Ak Bars (Kazan),defense
https://en.khl.ru/players/18774/,116.64726180645974,Ville Lajunen,Vityaz (Moscow Region),defense
https://en.khl.ru/players/18900/,144.6823739137428,Artyom Zub,SKA (Saint Petersburg),defense
https://en.khl.ru/players/18916/,65.458472620743,Ivan Svarny,Slovan (Bratislava),defense
https://en.khl.ru/players/18953/,91.3110668174724,Petteri Wirtanen,Jokerit (Helsinki),defense
https://en.khl.ru/players/18974/,84.78503764186837,Viktor Baldayev,Amur (Khabarovsk),defense
https://en.khl.ru/players/18977/,117.48393908212242,Adamchuk Kirill,Ak Bars (Kazan),defense
https://en.khl.ru/players/18986/,110.2103096295622,Ville Pokka,Avangard (Omsk),defense
https://en.khl.ru/players/18999/,76.78218786629189,Artyukhin Evgeny,Neftekhimik (Nizhnekamsk),defense
https://en.khl.ru/players/19007/,77.64740282993469,Nikolai Glukhov,Admiral (Vladivostok),defense
https://en.khl.ru/players/19012/,101.36648583297395,Vojtech Mozik,Admiral (Vladivostok),defense
https://en.khl.ru/players/19062/,82.6915387286793,Alexander Bryntsev,Spartak (Moscow),defense
https://en.khl.ru/players/19102/,78.29261190214709,Alexeyev Andrei S.,Amur (Khabarovsk),defense
https://en.khl.ru/players/19242/,103.51636029804497,Bereglazov Alexei,Avangard (Omsk),defense
https://en.khl.ru/players/19247/,114.14038246578575,Abramov Vitaly,Severstal (Cherepovets),defense
https://en.khl.ru/players/19264/,111.46611132810628,Topi Jaakola,Jokerit (Helsinki),defense
https://en.khl.ru/players/19403/,84.88527063297289,Arturs Kulda,Severstal (Cherepovets),defense
https://en.khl.ru/players/19407/,93.20681878494753,Bailen Nick,Traktor (Chelyabinsk),defense
https://en.khl.ru/players/19411/,99.44880731333183,Alexandrov Yury,HC Sochi (Sochi),defense
https://en.khl.ru/players/19512/,80.46968179388158,Vadim Kudako,Sibir (Novosibirsk Region),defense
https://en.khl.ru/players/19520/,106.61404124903164,Clay Wilson,Severstal (Cherepovets),defense
https://en.khl.ru/players/19530/,116.73775055040811,Michal Cajkovsky,Sibir (Novosibirsk Region),defense
https://en.khl.ru/players/19543/,74.01012996523102,Dmitry Shulenin,Dinamo (Riga),defense
https://en.khl.ru/players/19549/,86.0088178276288,Shaone Morrisonn,Admiral (Vladivostok),defense
https://en.khl.ru/players/19571/,77.21651446808417,Belyakov Fyodor,Admiral (Vladivostok),defense
https://en.khl.ru/players/19624/,86.02373353607241,Marek Daloga,Kunlun Red Star (Beijing),defense
https://en.khl.ru/players/19627/,112.26384510098742,Jan Kolar,Amur (Khabarovsk),defense
https://en.khl.ru/players/19761/,97.08844669144322,Bardakov Zakhar,SKA (Saint Petersburg),defense
https://en.khl.ru/players/20124/,101.07363621057898,Oscar Fantenberg,SKA (Saint Petersburg),defense
https://en.khl.ru/players/20462/,91.52435306976193,Bardakov Zakhar,SKA (Saint Petersburg),defense
https://en.khl.ru/players/20511/,102.5800864385829,Jakub Krejcik,Dinamo (Minsk),defense
https://en.khl.ru/players/20521/,84.92380396624225,Adamchuk Kirill,Ak Bars (Kazan),defense
https://en.khl.ru/players/20642/,92.0345007484507,Vladislav Naumov,Sibir (Novosibirsk Region),defense
https://en.khl.ru/players/20680/,94.22962800105847,Ivan A. Vereshchagin,Metallurg (Magnitogorsk),defense
https://en.khl.ru/players/20708/,115.7825878955618,Marc-Andre Gragnani,Dinamo (Minsk),defense
https://en.khl.ru/players/20717/,81.70623176960609,Tobias Viklund,Kunlun Red Star (Beijing),defense
https://en.khl.ru/players/20721/,145.36625426737754,Chris Lee,Metallurg (Magnitogorsk),defense
https://en.khl.ru/players/20744/,113.3002347889904,Bardakov Zakhar,SKA (Saint Petersburg),defense
https://en.khl.ru/players/20930/,113.55022958554856,Mark Katic,Medvescak (Zagreb),defense
https://en.khl.ru/players/20939/,106.03511819243427,Mike Lundin,Jokerit (Helsinki),defense
https://en.khl.ru/players/20955/,107.35295706459831,Alexeyev Denis V.,Lokomotiv (Yaroslavl),defense
https://en.khl.ru/players/20989/,85.29141780923923,Belousov Georgy,Avtomobilist (Ekaterinburg),defense
https://en.khl.ru/players/21011/,97.2802524481566,Artyukhin Evgeny,Neftekhimik (Nizhnekamsk),defense
https://en.khl.ru/players/21253/,98.39953527658267,Belyakov Fyodor,Admiral (Vladivostok),defense
https://en.khl.ru/players/21548/,85.40675613456267,Alsing Olle,Barys (Nur-Sultan),defense
https://en.khl.ru/players/21802/,136.39888060089527,Atte Ohtamaa,Lokomotiv (Yaroslavl),defense
https://en.khl.ru/players/21909/,85.2427463286534,Pavel Vorobei,Vityaz (Moscow Region),defense
https://en.khl.ru/players/21992/,88.03923345687932,Barabanov Vladimir,Vityaz (Moscow Region),defense
https://en.khl.ru/players/22004/,87.20596327900918,Cam Barker,Slovan (Bratislava),defense
https://en.khl.ru/players/22016/,101.45411731069532,Belousov Georgy,Avtomobilist (Ekaterinburg),defense
https://en.khl.ru/players/22140/,92.82652505744154,Teemu Eronen,Jokerit (Helsinki),defense
https://en.khl.ru/players/22147/,170.31145723137985,Bailen Nick,Traktor (Chelyabinsk),defense
https://en.khl.ru/players/22160/,89.40929205725817,Belov Anton,Dynamo (Moscow),defense
https://en.khl.ru/players/22226/,82.60911787467533,Artyom Chmykhov,CSKA (Moscow),defense
https://en.khl.ru/players/22260/,124.17884294106481,Erik Gustafsson,Neftekhimik (Nizhnekamsk),defense
https://en.khl.ru/players/22308/,133.9590230366924,Philip Larsen,Salavat Yulaev (Ufa),defense
https://en.khl.ru/players/22365/,89.63995017278079,Joonas Jarvinen,Kunlun Red Star (Beijing),defense
https://en.khl.ru/players/22367/,144.0653809465076,Patrik Hersley,Spartak (Moscow),defense
https://en.khl.ru/players/22449/,154.94105924977424,Matthew Gilroy,Jokerit (Helsinki),defense
https://en.khl.ru/players/22779/,88.17831827980423,Kristaps Zile,Dinamo (Riga),defense
https://en.khl.ru/players/22801/,141.19160268449087,Charles Genoway,Avtomobilist (Ekaterinburg),defense
https://en.khl.ru/players/23227/,123.40736182387985,Belov Anton,Dynamo (Moscow),defense
https://en.khl.ru/players/23317/,112.19503267419464,Geoffrey Kinrade,Torpedo (Nizhny Novgorod Region),defense
https://en.khl.ru/players/23434/,102.43359508280312,Jonas Ahnelov,Avangard (Omsk),defense
https://en.khl.ru/players/23446/,108.70999216925813,Bailen Nick,Traktor (Chelyabinsk),defense
https://en.khl.ru/players/23471/,113.863106058993,Grigory Dronov,Metallurg (Magnitogorsk),defense
https://en.khl.ru/players/23486/,112.18464850024061,Tommi Kivisto,Jokerit (Helsinki),defense
https://en.khl.ru/players/23494/,76.4563223465333,Nerijus Alisauskas,Dinamo (Riga),defense
https://en.khl.ru/players/23611/,109.68890406066294,Jesper B. Jensen,Jokerit (Helsinki),defense
https://en.khl.ru/players/23618/,81.52803916233835,Blake Parlett,Kunlun Red Star (Beijing),defense
https://en.khl.ru/players/23631/,86.72388061518124,Tomas Kundratek,Kunlun Red Star (Beijing),defense
https://en.khl.ru/players/23640/,67.58539221254168,Patrik Bacik,Slovan (Bratislava),defense
https://en.khl.ru/players/24048/,94.37601131122175,Uvis Balinskis,Dinamo (Riga),defense
https://en.khl.ru/players/24142/,100.68021400714,Jonathon Blum,Dinamo (Minsk),defense
https://en.khl.ru/players/24653/,81.60148065616596,Andrej Meszaros,Slovan (Bratislava),defense
https://en.khl.ru/players/24754/,95.97680032566325,Almquist Adam,Dinamo (Minsk),defense
https://en.khl.ru/players/24849/,83.78595030547665,Abrosimov Ruslan,Severstal (Cherepovets),defense
https://en.khl.ru/players/24854/,105.4372284284758,Adam Polasek,Neftekhimik (Nizhnekamsk),defense
https://en.khl.ru/players/24913/,89.99779698272361,Oliver Lauridsen,Jokerit (Helsinki),defense
https://en.khl.ru/players/24977/,100.95171196454073,Valery Orekhov,Barys (Nur-Sultan),defense
https://en.khl.ru/players/25022/,95.64331978891975,Akhiyarov Timur,Sibir (Novosibirsk Region),defense
https://en.khl.ru/players/25253/,79.29851387685729,Abramov Mikhail A.,Kunlun Red Star (Beijing),defense
https://en.khl.ru/players/25314/,97.96234878452206,Mathew Maione,Dinamo (Riga),defense
https://en.khl.ru/players/25353/,89.64122474049728,Ruslan Pedan,Amur (Khabarovsk),defense
https://en.khl.ru/players/25404/,97.87039128607326,Alexeyev Denis V.,Lokomotiv (Yaroslavl),defense
https://en.khl.ru/players/25699/,107.53042455237005,Adamchuk Kirill,Ak Bars (Kazan),defense
https://en.khl.ru/players/26646/,121.93386236710415,Bardakov Zakhar,SKA (Saint Petersburg),defense
https://en.khl.ru/players/27236/,131.1777938106625,Belousov Georgy,Avtomobilist (Ekaterinburg),defense
https://en.khl.ru/players/27268/,122.40147689294291,Darren Dietz,CSKA (Moscow),defense
https://en.khl.ru/players/279/,98.95384663348239,Andrei Pervyshin,Neftekhimik (Nizhnekamsk),defense
https://en.khl.ru/players/296/,100.0104426670724,Alexander Yevseyenkov,Vityaz (Moscow Region),defense
https://en.khl.ru/players/30088/,104.43218216784794,Ondrej Vitasek,Amur (Khabarovsk),defense
https://en.khl.ru/players/30692/,116.72219426145938,David Sklenicka,Jokerit (Helsinki),defense
https://en.khl.ru/players/31415/,115.21274371471145,Viktor Loov,Jokerit (Helsinki),defense
https://en.khl.ru/players/31436/,111.32422252199584,Klas Dahlbeck,CSKA (Moscow),defense
https://en.khl.ru/players/31481/,118.07729501254839,Grant Alex,Jokerit (Helsinki),defense
https://en.khl.ru/players/32057/,80.05190643916609,Victor Bartley,Kunlun Red Star (Beijing),defense
https://en.khl.ru/players/32117/,122.77199394373713,Grant Alex,Jokerit (Helsinki),defense
https://en.khl.ru/players/33548/,93.55253813577393,Bereglazov Alexei,Avangard (Omsk),defense
https://en.khl.ru/players/34700/,127.27697622850744,Lukas Bengtsson,Dinamo (Minsk),defense
https://en.khl.ru/players/34724/,87.502606716426,Jake Chelios,Kunlun Red Star (Beijing),defense
https://en.khl.ru/players/3541/,117.71874067822174,Denis Denisov,Metallurg (Magnitogorsk),defense
https://en.khl.ru/players/3564/,90.51391533375218,Vadim Khomitsky,HC Sochi (Sochi),defense
https://en.khl.ru/players/35843/,101.97925658657431,Abramov Mikhail A.,Kunlun Red Star (Beijing),defense
https://en.khl.ru/players/3667/,84.29594413658369,Anton Volchenkov,Torpedo (Nizhny Novgorod Region),defense
https://en.khl.ru/players/372/,83.7949292857432,Oleg Piganovich,Sibir (Novosibirsk Region),defense
https://en.khl.ru/players/392/,76.72160449152138,Dmitry S. Vorobyov,Amur (Khabarovsk),defense
https://en.khl.ru/players/3941/,89.89488357112049,Maxim Solovyov,Dynamo (Moscow),defense
https://en.khl.ru/players/3989/,97.60953266204618,Vitaly Atyushov,Neftekhimik (Nizhnekamsk),defense
https://en.khl.ru/players/4266/,74.31829331352588,Sergei Peretyagin,Kunlun Red Star (Beijing),defense
https://en.khl.ru/players/43/,69.50252960570954,Sergei Gimayev,Dinamo (Riga),defense
https://en.khl.ru/players/4486/,81.36298063619802,Maxim Kondratyev,Amur (Khabarovsk),defense
https://en.khl.ru/players/4513/,60.24816013877897,Alexei Vasilchenko,Metallurg (Novokuznetsk),defense
https://en.khl.ru/players/4804/,106.38879899522716,Ilya Gorokhov,Amur (Khabarovsk),defense
https://en.khl.ru/players/4978/,70.68343461928086,Dmitry Kosmachyov,Amur (Khabarovsk),defense
https://en.khl.ru/players/5088/,72.086690012869,Vladimir Malenkikh,Lada (Togliatti),defense
https://en.khl.ru/players/516/,87.49528922295629,Barabanov Vladimir,Vityaz (Moscow Region),defense
https://en.khl.ru/players/519/,78.8660452976201,Nikita Nikitin,Traktor (Chelyabinsk),defense
https://en.khl.ru/players/5341/,75.24587695401554,Mikhail Kuklev,Metallurg (Novokuznetsk),defense
https://en.khl.ru/players/5457/,91.51706683177235,Renat Mamashev,Admiral (Vladivostok),defense
https://en.khl.ru/players/5524/,111.1608885025301,Alalykin Danil,Salavat Yulaev (Ufa),defense
https://en.khl.ru/players/5606/,86.51624210488096,Alexei Pepelyayev,Dynamo (Moscow),defense
https://en.khl.ru/players/5636/,82.49701640941629,Alexei Vl. Petrov,HC Sochi (Sochi),defense
https://en.khl.ru/players/5851/,102.2057661891609,Alexander Kutuzov,Lokomotiv (Yaroslavl),defense
https://en.khl.ru/players/6155/,82.82770860901189,Vitaly Shulakov,Ugra (Khanty-Mansiysk),defense
https://en.khl.ru/players/6340/,73.34410606363599,Denis Yezhov,Lada (Togliatti),defense
https://en.khl.ru/players/6342/,136.85753174525155,Ilya Nikulin,Dynamo (Moscow),defense
https://en.khl.ru/players/6347/,119.33598912139897,Kirill Koltsov,Spartak (Moscow),defense
https://en.khl.ru/players/6428/,82.271649871295,Alexei Bondarev,Avangard (Omsk),defense
https://en.khl.ru/players/6485/,83.69297920722813,Sergei Gusev,Ugra (Khanty-Mansiysk),defense
https://en.khl.ru/players/6519/,79.93829653013118,Alexander Shinin,Traktor (Chelyabinsk),defense
https://en.khl.ru/players/9476/,101.67560919369642,Alexei Emelin,Avangard (Omsk),defense
https://en.khl.ru/players/9849/,77.0632162488008,Agostino Kenny,Torpedo (Nizhny Novgorod Region),defense
https://en.khl.ru/players/9851/,96.31777824024586,Dmitry Megalinsky,Avtomobilist (Ekaterinburg),defense
